method,n_train,seed,samples_seen,split,mean_log_likelihood,std_log_likelihood,hmc_acceptance,checkpoint_epoch,checkpoint_file
aevb,1000,0,1000,train,-247.38917541503906,44.8186149597168,0.9975277666416433,1,aevb_static_bernoulli_z3_h100_seed0_lr0p01_e50_n1000_ml_epoch1.pt
aevb,1000,0,1000,test,-245.3762664794922,43.47736740112305,0.9980972129437659,1,aevb_static_bernoulli_z3_h100_seed0_lr0p01_e50_n1000_ml_epoch1.pt
aevb,1000,0,5000,train,-208.00320434570312,39.85283279418945,0.9954444268511401,5,aevb_static_bernoulli_z3_h100_seed0_lr0p01_e50_n1000_ml_epoch5.pt
aevb,1000,0,5000,test,-207.2509002685547,39.08894729614258,0.9957916497356362,5,aevb_static_bernoulli_z3_h100_seed0_lr0p01_e50_n1000_ml_epoch5.pt
aevb,1000,0,10000,train,-202.3572235107422,41.94244384765625,0.994486092362139,10,aevb_static_bernoulli_z3_h100_seed0_lr0p01_e50_n1000_ml_epoch10.pt
aevb,1000,0,10000,test,-202.31121826171875,41.11602020263672,0.993291644172536,10,aevb_static_bernoulli_z3_h100_seed0_lr0p01_e50_n1000_ml_epoch10.pt
aevb,1000,0,20000,train,-198.39044189453125,43.573631286621094,0.9930555315481292,20,aevb_static_bernoulli_z3_h100_seed0_lr0p01_e50_n1000_ml_epoch20.pt
aevb,1000,0,20000,test,-198.03683471679688,43.072696685791016,0.9924027551379468,20,aevb_static_bernoulli_z3_h100_seed0_lr0p01_e50_n1000_ml_epoch20.pt
aevb,1000,0,30000,train,-196.47503662109375,43.92548370361328,0.9912638636926809,30,aevb_static_bernoulli_z3_h100_seed0_lr0p01_e50_n1000_ml_epoch30.pt
aevb,1000,0,30000,test,-196.1964111328125,43.689884185791016,0.9893333061701721,30,aevb_static_bernoulli_z3_h100_seed0_lr0p01_e50_n1000_ml_epoch30.pt
aevb,1000,0,50000,train,-194.98753356933594,44.15227127075195,0.987416637606091,50,aevb_static_bernoulli_z3_h100_seed0_lr0p01_e50_n1000_ml_epoch50.pt
aevb,1000,0,50000,test,-194.68173217773438,44.558326721191406,0.9880694158375263,50,aevb_static_bernoulli_z3_h100_seed0_lr0p01_e50_n1000_ml_epoch50.pt
wake_sleep,1000,0,1000,train,-414.5235900878906,17.173158645629883,0.9993333305749628,1,wake_sleep_static_bernoulli_z3_h100_seed0_lr0p01_e50_n1000_ml_epoch1.pt
wake_sleep,1000,0,1000,test,-412.615478515625,16.140108108520508,0.99948610878653,1,wake_sleep_static_bernoulli_z3_h100_seed0_lr0p01_e50_n1000_ml_epoch1.pt
wake_sleep,1000,0,5000,train,-223.7344207763672,47.74092483520508,0.999069439785348,5,wake_sleep_static_bernoulli_z3_h100_seed0_lr0p01_e50_n1000_ml_epoch5.pt
wake_sleep,1000,0,5000,test,-222.77516174316406,46.3554573059082,0.9991388845774862,5,wake_sleep_static_bernoulli_z3_h100_seed0_lr0p01_e50_n1000_ml_epoch5.pt
wake_sleep,1000,0,10000,train,-201.7133026123047,48.93568420410156,0.9946944264902009,10,wake_sleep_static_bernoulli_z3_h100_seed0_lr0p01_e50_n1000_ml_epoch10.pt
wake_sleep,1000,0,10000,test,-201.32485961914062,47.841705322265625,0.9949305364655123,10,wake_sleep_static_bernoulli_z3_h100_seed0_lr0p01_e50_n1000_ml_epoch10.pt
wake_sleep,1000,0,20000,train,-196.91348266601562,47.1612434387207,0.992541642818186,20,wake_sleep_static_bernoulli_z3_h100_seed0_lr0p01_e50_n1000_ml_epoch20.pt
wake_sleep,1000,0,20000,test,-197.14584350585938,46.411075592041016,0.992652754402823,20,wake_sleep_static_bernoulli_z3_h100_seed0_lr0p01_e50_n1000_ml_epoch20.pt
wake_sleep,1000,0,30000,train,-195.35023498535156,46.87603759765625,0.9908194178508388,30,wake_sleep_static_bernoulli_z3_h100_seed0_lr0p01_e50_n1000_ml_epoch30.pt
wake_sleep,1000,0,30000,test,-195.41824340820312,46.25620651245117,0.9902360842459732,30,wake_sleep_static_bernoulli_z3_h100_seed0_lr0p01_e50_n1000_ml_epoch30.pt
wake_sleep,1000,0,50000,train,-192.8131103515625,46.04091262817383,0.9911527525219652,50,wake_sleep_static_bernoulli_z3_h100_seed0_lr0p01_e50_n1000_ml_epoch50.pt
wake_sleep,1000,0,50000,test,-193.6884307861328,45.27127456665039,0.9890694173673789,50,wake_sleep_static_bernoulli_z3_h100_seed0_lr0p01_e50_n1000_ml_epoch50.pt
mcem,1000,0,1000,train,-212.75999450683594,43.245967864990234,0.9966249867445893,1,mcem_static_bernoulli_z3_h100_n1000_seed0_lr0p01_e50_epoch1.pt
mcem,1000,0,1000,test,-211.68360900878906,41.39431381225586,0.9965833202832275,1,mcem_static_bernoulli_z3_h100_n1000_seed0_lr0p01_e50_epoch1.pt
mcem,1000,0,5000,train,-203.3466339111328,40.112545013427734,0.9954583163062731,5,mcem_static_bernoulli_z3_h100_n1000_seed0_lr0p01_e50_epoch5.pt
mcem,1000,0,5000,test,-202.8572998046875,39.15846633911133,0.9950277605818377,5,mcem_static_bernoulli_z3_h100_n1000_seed0_lr0p01_e50_epoch5.pt
mcem,1000,0,10000,train,-200.86801147460938,40.46944046020508,0.9973610993060801,10,mcem_static_bernoulli_z3_h100_n1000_seed0_lr0p01_e50_epoch10.pt
mcem,1000,0,10000,test,-201.6914520263672,39.674781799316406,0.9967638755838076,10,mcem_static_bernoulli_z3_h100_n1000_seed0_lr0p01_e50_epoch10.pt
mcem,1000,0,20000,train,-195.01455688476562,39.7828483581543,0.9973333234588305,20,mcem_static_bernoulli_z3_h100_n1000_seed0_lr0p01_e50_epoch20.pt
mcem,1000,0,20000,test,-195.27903747558594,39.98235321044922,0.997124988006221,20,mcem_static_bernoulli_z3_h100_n1000_seed0_lr0p01_e50_epoch20.pt
mcem,1000,0,30000,train,-186.1105499267578,39.26539993286133,0.9965277632905377,30,mcem_static_bernoulli_z3_h100_n1000_seed0_lr0p01_e50_epoch30.pt
mcem,1000,0,30000,test,-187.4027862548828,38.95765686035156,0.996722209536367,30,mcem_static_bernoulli_z3_h100_n1000_seed0_lr0p01_e50_epoch30.pt
mcem,1000,0,50000,train,-177.47232055664062,37.66224670410156,0.9955972054766284,50,mcem_static_bernoulli_z3_h100_n1000_seed0_lr0p01_e50_epoch50.pt
mcem,1000,0,50000,test,-180.23023986816406,37.80058288574219,0.995874983817339,50,mcem_static_bernoulli_z3_h100_n1000_seed0_lr0p01_e50_epoch50.pt
